feature,importance
cvss_base_score,0.19890358369659153
reference_count,0.13990880607922426
privileges_required_NONE,0.08649156277241145
cvss_base_severity_CRITICAL,0.08136650749498893
privileges_required_LOW,0.07274741510964398
cvss_base_severity_MEDIUM,0.05795530033897371
attack_vector_NETWORK,0.04422005588144248
user_interaction_NONE,0.03525362453416047
cwe_id_CWE-94,0.030410457781327834
cvss_base_severity_HIGH,0.023762473933444776
user_interaction_REQUIRED,0.021612663630827804
attack_vector_LOCAL,0.020233639260959675
cwe_id_CWE-287,0.016435970896619294
attack_complexity_HIGH,0.01621285823536233
cwe_id_None,0.015076295047693058
cwe_id_CWE-78,0.013689599656055608
cwe_id_CWE-89,0.01345702860021151
cwe_id_CWE-306,0.01214590698752499
cwe_id_CWE-284,0.010964693942135822
cwe_id_CWE-918,0.010554307000367307
cwe_id_CWE-305,0.010532150041349499
attack_complexity_LOW,0.009303893439135132
privileges_required_HIGH,0.006481477664784953
cwe_id_CWE-79,0.0057462257156745
cvss_base_severity_LOW,0.005479592291769439
cwe_id_CWE-862,0.004747823269554624
user_interaction_PASSIVE,0.004540223612270878
cwe_id_CWE-22,0.003573777765965397
published_month,0.0032460721039095316
attack_vector_ADJACENT_NETWORK,0.0027976537650456867
cwe_id_CWE-863,0.0019261453984853797
cwe_id_CWE-200,0.0018592109218282442
cwe_id_CWE-639,0.0014171656525678587
cwe_id_CWE-20,0.0012855163475009549
user_interaction_ACTIVE,0.0011784829211245853
cwe_id_CWE-416,0.001167762026124953
cwe_id_CWE-74,0.001159850773054932
cwe_id_CWE-269,0.0010315420761604448
cwe_id_CWE-787,0.001019472854640893
cwe_id_CWE-400,0.0008883630599037484
cwe_id_CWE-502,0.0008422388333056397
cwe_id_CWE-770,0.00081936478578654
cwe_id_CWE-125,0.0007892701288046705
cwe_id_CWE-119,0.0007869715134368728
cwe_id_CWE-434,0.0006197970756572278
cwe_id_NVD-CWE-noinfo,0.0005744332944542872
cwe_id_CWE-122,0.0005150483516390032
attack_vector_ADJACENT,0.0005092100754872952
cwe_id_CWE-190,0.00040511988575244996
cwe_id_CWE-266,0.00035983968808874016
cwe_id_CWE-352,0.00028403822132945164
cwe_id_CWE-347,0.00025134808409067337
cwe_id_CWE-121,0.00023471735461147298
cwe_id_CWE-73,0.00019907082481360644
cwe_id_CWE-798,0.0001906936474889158
cwe_id_CWE-476,0.0001317862362459982
cwe_id_CWE-295,0.0001238042536157385
cwe_id_CWE-693,0.00011361582879219602
cwe_id_CWE-285,0.00011338172647797129
cwe_id_CWE-77,0.00010120163084509451
cwe_id_CWE-362,8.673658200660412e-05
cwe_id_CWE-120,8.588718687390711e-05
cwe_id_CWE-345,7.755483560684729e-05
cwe_id_CWE-367,7.089253179111199e-05
cwe_id_CWE-59,6.54463120386042e-05
cwe_id_CWE-674,5.653600159192418e-05
cwe_id_CWE-248,4.6579306543664255e-05
cwe_id_CWE-444,4.470840154026722e-05
cwe_id_CWE-908,4.126973563085967e-05
cwe_id_CWE-290,3.8056805088123754e-05
cwe_id_CWE-407,3.773982876718936e-05
cwe_id_CWE-1336,3.769849293847408e-05
cwe_id_CWE-789,3.5836114306776034e-05
cwe_id_CWE-346,3.442997159292759e-05
cwe_id_CWE-98,3.4403717208066146e-05
cwe_id_CWE-93,3.078777721758864e-05
cwe_id_CWE-843,3.0251556784380488e-05
cwe_id_CWE-88,2.4388177241697774e-05
cwe_id_CWE-943,2.2739884627225646e-05
attack_vector_PHYSICAL,2.238508451217729e-05
cwe_id_CWE-613,2.1823860160916497e-05
cwe_id_CWE-307,2.1074487323185012e-05
cwe_id_CWE-184,2.084977978382186e-05
cwe_id_CWE-321,1.9376002794851348e-05
cwe_id_CWE-640,1.7949653682558224e-05
cwe_id_CWE-522,1.7359571378008995e-05
cwe_id_CWE-208,1.615972301205773e-05
cwe_id_CWE-312,1.5104422492584673e-05
cwe_id_CWE-1333,1.4725284083839833e-05
cwe_id_CWE-178,1.3903182652228197e-05
cwe_id_CWE-835,1.3125462134768535e-05
cwe_id_CWE-915,1.232956369288234e-05
cwe_id_CWE-288,1.2317341557524357e-05
cwe_id_CWE-319,1.1257894973502796e-05
cwe_id_CWE-601,1.0083567823994643e-05
cwe_id_CWE-294,1.0075873198953139e-05
cwe_id_CWE-250,7.330993075933737e-06
cwe_id_CWE-95,6.91112903881711e-06
cwe_id_CWE-912,6.868491972778601e-06
cwe_id_CWE-1021,6.452597505794625e-06
cwe_id_CWE-754,6.361745016071207e-06
cwe_id_CWE-404,6.092985618940879e-06
cwe_id_CWE-506,5.856395482452624e-06
cwe_id_CWE-116,5.668480490331218e-06
cwe_id_CWE-611,4.187412532498353e-06
cwe_id_CWE-23,4.125376533318017e-06
cwe_id_CWE-459,3.8822104901751e-06
cwe_id_CWE-822,3.486214063839799e-06
cwe_id_CWE-532,3.352571278640828e-06
cwe_id_CWE-203,3.034465610423361e-06
cwe_id_CWE-401,2.9226705391894266e-06
cwe_id_CWE-201,1.5182645522559836e-06
cwe_id_CWE-427,1.1186370704988606e-15
cwe_id_CWE-214,4.766148982012135e-16
cwe_id_CWE-706,4.3042465526549735e-16
cwe_id_CWE-204,6.565760921314529e-17
cwe_id_CWE-451,6.491225870583666e-17
cwe_id_CWE-838,0.0
cwe_id_CWE-636,0.0
cwe_id_CWE-603,0.0
cwe_id_CWE-606,0.0
cwe_id_CWE-61,0.0
cwe_id_CWE-610,0.0
cwe_id_CWE-923,0.0
cwe_id_CWE-922,0.0
cwe_id_CWE-614,0.0
cwe_id_CWE-617,0.0
cwe_id_CWE-620,0.0
cwe_id_CWE-625,0.0
cwe_id_CWE-626,0.0
cwe_id_CWE-123,0.0
cwe_id_CWE-924,0.0
cvss_base_severity_NONE,0.0
cwe_id_CWE-643,0.0
cwe_id_CWE-644,0.0
cwe_id_CWE-647,0.0
cwe_id_CWE-653,0.0
cwe_id_CWE-655,0.0
cwe_id_CWE-664,0.0
cwe_id_CWE-665,0.0
cwe_id_CWE-668,0.0
cwe_id_CWE-669,0.0
cwe_id_CWE-602,0.0
cwe_id_CWE-926,0.0
cwe_id_CWE-598,0.0
cwe_id_CWE-672,0.0
cwe_id_CWE-494,0.0
cwe_id_CWE-497,0.0
cwe_id_CWE-50,0.0
cwe_id_NVD-CWE-Other,0.0
cwe_id_CWE-124,0.0
cwe_id_CWE-99,0.0
cwe_id_CWE-521,0.0
cwe_id_CWE-942,0.0
cwe_id_CWE-524,0.0
cwe_id_CWE-526,0.0
cwe_id_CWE-527,0.0
cwe_id_CWE-941,0.0
affected_entry_count,0.0
cwe_id_CWE-538,0.0
cwe_id_CWE-548,0.0
cwe_id_CWE-551,0.0
cwe_id_CWE-552,0.0
cwe_id_CWE-557,0.0
cwe_id_CWE-564,0.0
cwe_id_CWE-565,0.0
cwe_id_CWE-567,0.0
cwe_id_CWE-1236,0.0
cwe_id_CWE-939,0.0
cwe_id_CWE-670,0.0
cwe_id_CWE-1220,0.0
cwe_id_CWE-834,0.0
cwe_id_CWE-1025,0.0
cwe_id_CWE-763,0.0
cwe_id_CWE-117,0.0
cwe_id_CWE-1050,0.0
cwe_id_CWE-772,0.0
cwe_id_CWE-774,0.0
cwe_id_CWE-776,0.0
cwe_id_CWE-778,0.0
cwe_id_CWE-115,0.0
cwe_id_CWE-113,0.0
cwe_id_CWE-1104,0.0
cwe_id_CWE-1088,0.0
cwe_id_CWE-791,0.0
cwe_id_CWE-1077,0.0
cwe_id_CWE-799,0.0
cwe_id_CWE-80,0.0
cwe_id_CWE-807,0.0
cwe_id_CWE-820,0.0
cwe_id_CWE-841,0.0
cwe_id_CWE-823,0.0
cwe_id_CWE-825,0.0
cwe_id_CWE-840,0.0
cwe_id_CWE-829,0.0
cwe_id_CWE-83,0.0
cwe_id_CWE-759,0.0
cwe_id_CWE-1022,0.0
cwe_id_CWE-676,0.0
cwe_id_CWE-749,0.0
cwe_id_CWE-680,0.0
cwe_id_CWE-681,0.0
cwe_id_CWE-682,0.0
cwe_id_CWE-684,0.0
cwe_id_CWE-916,0.0
cwe_id_CWE-913,0.0
cwe_id_CWE-688,0.0
cwe_id_CWE-911,0.0
cwe_id_CWE-69,0.0
cwe_id_CWE-1191,0.0
cwe_id_CWE-694,0.0
cwe_id_CWE-91,0.0
cwe_id_CWE-696,0.0
cwe_id_CWE-697,0.0
cwe_id_CWE-698,0.0
cwe_id_CWE-703,0.0
cwe_id_CWE-704,0.0
cwe_id_CWE-705,0.0
cwe_id_CWE-488,0.0
cwe_id_CWE-1188,0.0
cwe_id_CWE-732,0.0
cwe_id_CWE-90,0.0
cwe_id_CWE-1176,0.0
cwe_id_CWE-489,0.0
cwe_id_CWE-441,0.0
cwe_id_CWE-1240,0.0
cwe_id_CWE-297,0.0
cwe_id_CWE-1321,0.0
cwe_id_CWE-223,0.0
cwe_id_CWE-226,0.0
cwe_id_CWE-229,0.0
cwe_id_CWE-24,0.0
cwe_id_CWE-244,0.0
cwe_id_CWE-131,0.0
cwe_id_CWE-252,0.0
cwe_id_CWE-255,0.0
cwe_id_CWE-256,0.0
cwe_id_CWE-259,0.0
cwe_id_CWE-261,0.0
cwe_id_CWE-264,0.0
cwe_id_CWE-1303,0.0
cwe_id_CWE-267,0.0
cwe_id_CWE-130,0.0
cwe_id_CWE-27,0.0
cwe_id_CWE-272,0.0
cwe_id_CWE-273,0.0
cwe_id_CWE-276,0.0
cwe_id_CWE-278,0.0
cwe_id_CWE-280,0.0
cwe_id_CWE-283,0.0
cwe_id_CWE-1298,0.0
cwe_id_CWE-1294,0.0
cwe_id_CWE-129,0.0
cwe_id_CWE-289,0.0
cwe_id_CWE-1289,0.0
cwe_id_CWE-1287,0.0
cwe_id_CWE-215,0.0
cwe_id_CWE-212,0.0
cwe_id_CWE-209,0.0
cwe_id_CWE-173,0.0
cwe_id_CWE-1357,0.0
cwe_id_CWE-138,0.0
cwe_id_CWE-1385,0.0
cwe_id_CWE-1390,0.0
cwe_id_CWE-1391,0.0
cwe_id_CWE-1392,0.0
cwe_id_CWE-1393,0.0
cwe_id_CWE-1394,0.0
cwe_id_CWE-141,0.0
cwe_id_CWE-146,0.0
cwe_id_CWE-15,0.0
cwe_id_CWE-150,0.0
cwe_id_CWE-158,0.0
cwe_id_CWE-176,0.0
cwe_id_CWE-202,0.0
cwe_id_CWE-177,0.0
cwe_id_CWE-180,0.0
cwe_id_CWE-183,0.0
cwe_id_CWE-185,0.0
cwe_id_CWE-187,0.0
cwe_id_CWE-189,0.0
cwe_id_CWE-1330,0.0
cwe_id_CWE-191,0.0
cwe_id_CWE-193,0.0
cwe_id_CWE-195,0.0
cwe_id_CWE-197,0.0
cwe_id_CWE-1327,0.0
cwe_id_CWE-1325,0.0
cwe_id_CWE-296,0.0
cwe_id_CWE-300,0.0
cwe_id_CWE-472,0.0
cwe_id_CWE-302,0.0
cwe_id_CWE-363,0.0
cwe_id_CWE-1260,0.0
cwe_id_CWE-369,0.0
cwe_id_CWE-371,0.0
cwe_id_CWE-377,0.0
cwe_id_CWE-379,0.0
cwe_id_CWE-384,0.0
cwe_id_CWE-391,0.0
cwe_id_CWE-394,0.0
cwe_id_CWE-126,0.0
cwe_id_CWE-405,0.0
cwe_id_CWE-1258,0.0
cwe_id_CWE-409,0.0
cwe_id_CWE-41,0.0
cwe_id_CWE-415,0.0
cwe_id_CWE-1250,0.0
cwe_id_CWE-420,0.0
cwe_id_CWE-425,0.0
cwe_id_CWE-426,0.0
cwe_id_CWE-428,0.0
cwe_id_CWE-1247,0.0
cwe_id_CWE-436,0.0
cwe_id_CWE-440,0.0
cwe_id_CWE-134,0.0
cwe_id_CWE-1241,0.0
cwe_id_CWE-453,0.0
cwe_id_CWE-457,0.0
cwe_id_CWE-470,0.0
cwe_id_CWE-471,0.0
cwe_id_CWE-1270,0.0
cwe_id_CWE-36,0.0
cwe_id_CWE-359,0.0
cwe_id_CWE-327,0.0
cwe_id_CWE-303,0.0
cwe_id_CWE-304,0.0
cwe_id_CWE-1286,0.0
cwe_id_CWE-1285,0.0
cwe_id_CWE-308,0.0
cwe_id_CWE-310,0.0
cwe_id_CWE-311,0.0
cwe_id_CWE-316,0.0
cwe_id_CWE-322,0.0
cwe_id_CWE-323,0.0
cwe_id_CWE-324,0.0
cwe_id_CWE-325,0.0
cwe_id_CWE-326,0.0
cwe_id_CWE-329,0.0
cwe_id_CWE-1275,0.0
cwe_id_CWE-330,0.0
cwe_id_CWE-331,0.0
cwe_id_CWE-338,0.0
cwe_id_CWE-340,0.0
cwe_id_CWE-341,0.0
cwe_id_CWE-1284,0.0
cwe_id_CWE-1281,0.0
cwe_id_CWE-1280,0.0
cwe_id_CWE-349,0.0
cwe_id_CWE-35,0.0
cwe_id_CWE-350,0.0
cwe_id_CWE-1277,0.0
cwe_id_CWE-353,0.0
cwe_id_CWE-354,0.0
